flower_id,image_url
4,fukujyuso.jpg
5,snowdrop.jpg
6,roubai.jpg
7,take.jpg
8,matsu.jpg
9,ume.jpg
10,crocus.jpg
11,misumisou.jpg
12,mansaku.jpg
13,seri.jpg
14,benjamin.jpg
15,sumire.jpg
16,mokuren.jpg
17,northpole.jpg
18,hakobe.jpg
19,freesia.jpg
20,stock.jpg
21,sweetalyssum.jpg
22,cattleya.jpg
23,cyclamen.jpg
24,cymbidium.jpg
25,oncidium.jpg
26,dendrobium.jpg
27,kingyosou.jpg
28,kochouran.jpg
29,marguerit.jpg
30,nazuna.jpg
31,primula.jpg
32,sanshuyu.jpg
33,yukiyanagi.jpg
34,shunran.jpg
35,kinsenka.jpg
36,ranunculus.jpg
37,ivy.jpg
38,anthurium.jpg
39,anemone.jpg
40,guzmania.jpg
41,oubai.jpg
42,snowflake.jpg
43,fuchsia.jpg
44,amaryllis.jpg
45,ojigisou.jpg
46,carolina-jasmine.jpg
47,plumeria.jpg
48,heliotrope.jpg
49,nanakamado.jpg
50,nemophila.jpg
51,katakuri.jpg
52,gazania.jpg
53,muscari.jpg
54,sakurasou.jpg
55,pansy.jpg
56,tsubaki.jpg
57,boke.jpg
58,okinagusa.jpg
59,nanohana.jpg
60,bluebell.jpg
61,wasurenagusa.jpg
62,hyacinth.jpg
63,shakuyaku.jpg
64,yukinoshita.jpg
65,hotokenoza.jpg
66,jinchouge.jpg
67,himarayayukinoshita.jpg
68,gerbera.jpg
69,ooinunofuguri.jpg
70,kalmia.jpg
71,rengyou.jpg
72,yadorigi.jpg
73,edelweiss.jpg
74,rhodanthe.jpg
75,chamomile.jpg
76,mimosa.jpg
77,cneraria.jpg
78,daisy.jpg
79,mitsumata.jpg
80,laurel.jpg
81,saintpaulia.jpg
82,tanpopo.jpg
83,alstroemeria.jpg
84,shakunage.jpg
85,mukuge.jpg
86,marsh-mallow.jpg
87,poppy.jpg
88,apricot.jpg
89,tsurunichinichisou.jpg
90,kalanchoe.jpg
91,bara.jpg
92,yucca.jpg
93,ornithogalum.jpg
94,scilla.jpg
95,strawflower.jpg
96,thrift.jpg
97,kanenonaruki.jpg
98,yagurumagiku.jpg
99,peach.jpg
100,rengeso.jpg
101,azalea.jpg
102,fancy-geranium.jpg
103,murasaki-keman.jpg
104,kunshiran.jpg
105,linaria.jpg
106,tsukushi.jpg
107,campanula.jpg
108,nirinsou.jpg
109,nigella.jpg
110,tweedia.jpg
111,kobushi.jpg
112,asebi.jpg
113,lupine.jpg
114,shasta-daisy.jpg
115,california-poppy.jpg
116,enishida.jpg
117,ikarisou.jpg
118,bluedaisy.jpg
119,iberis.jpg
120,whitelaceflower.jpg
121,hanazuou.jpg
122,hanakaidou.jpg
123,hanamizuki.jpg
124,tosamizuki.jpg
125,azami.jpg
126,sweetpea.jpg
127,baimo.jpg
128,tulip.jpg
129,delphinium.jpg
130,gladiolus.jpg
131,hananira.jpg
132,digitalis.jpg
133,bridalveil.jpg
134,yamabuki.jpg
135,ebine.jpg
136,gobou.jpg
137,wildstrawberry.jpg
138,sumomo.jpg
139,ichigo.jpg
140,sakura.jpg
141,clover.jpg
142,geranium.jpg
143,adiantum.jpg
144,ezogiku.jpg
145,kasumisou.jpg
146,fuji.jpg
147,nasturtium.jpg
148,dimorphotheca.jpg
149,shibazakura.jpg
150,apple.jpg
151,coreopsis.jpg
152,doudantsutsuji.jpg
153,harujion.jpg
154,utsugi.jpg
155,godetia.jpg
156,catchfly.jpg
157,japanese-azalea.jpg
158,iris.jpg
159,pothos.jpg
160,larkspur.jpg
161,ichihatsu.jpg
162,nashi.jpg
163,ixia.jpg
164,kodemari.jpg
165,scabiosa.jpg
166,ajuga.jpg
167,shaga.jpg
168,baikautsugi.jpg
169,suzuran.jpg
170,mitsubatsutsuji.jpg
171,phlox.jpg
172,clematis.jpg
173,mizubashou.jpg
174,stokesia.jpg
175,miniature-rose.jpg
176,kuchinashi.jpg
177,statice.jpg
178,egonoki.jpg
179,bellflower.jpg
180,kiri.jpg
181,ageratum.jpg
182,astilbe.jpg
183,thunbergia.jpg
184,sanzashi.jpg
185,dokudami.jpg
186,allium.jpg
187,exacum.jpg
188,petunia.jpg
189,satsuki.jpg
190,burashinoki.jpg
191,katabami.jpg
192,yuzu.jpg
193,hyssop.jpg
194,olive.jpg
195,sandersonia.jpg
196,matricaria.jpg
197,oodemari.jpg
198,gloriosa.jpg
199,veronica.jpg
200,odamaki.jpg
201,atsumorisou.jpg
202,thyme.jpg
203,ajisai.jpg
204,suikazura.jpg
205,nikkoukisuge.jpg
206,dahlia.jpg
207,marigold.jpg
208,hotarubukuro.jpg
209,penstemon.jpg
210,tsutsuji.jpg
211,jasmine.jpg
212,taisanboku.jpg
213,acanthus.jpg
214,agapanthus.jpg
215,benibana.jpg
216,lilac.jpg
217,shimotsuke.jpg
218,carnation.jpg
219,yamaboushi.jpg
220,tuberose.jpg
221,natsutsubaki.jpg
222,kibanakosumosu.jpg
223,liatris.jpg
224,tachiaoi.jpg
225,rose-campion.jpg
226,chestnut.jpg
227,tsukimisou.jpg
228,silkjasmine.jpg
229,matsuyoigusa.jpg
230,gamazumi.jpg
231,miyakowasure.jpg
232,biyouyanagi.jpg
233,verbena.jpg
234,otogirisou.jpg
235,hirugao.jpg
236,montbretia.jpg
237,pentas.jpg
238,calla.jpg
239,tokeisou.jpg
240,lisianthus.jpg
241,himeyuri.jpg
242,matsubagiku.jpg
243,feijoa.jpg
244,hasu.jpg
245,nejibana.jpg
246,lavender.jpg
247,lobelia.jpg
248,hamanasu.jpg
249,himawari.jpg
250,asagao.jpg
251,tsuyukusa.jpg
252,hamayuu.jpg
253,abelia.jpg
254,suiren.jpg
255,suguri.jpg
256,hoozuki.jpg
257,bodaijyu.jpg
258,giboushi.jpg
259,gloxinia.jpg
260,hibiscus.jpg
261,ruritamaazami.jpg
262,nokogirisou.jpg
263,hoteiaoi.jpg
264,hageitou.jpg
265,nadeshiko.jpg
266,nouzenkazura.jpg
267,nemunoki.jpg
268,portulaca.jpg
269,ginger-lily.jpg
270,asclepias.jpg
271,torikabuto.jpg
272,gekkabijin.jpg
273,rudbeckia.jpg
274,mint.jpg
275,rukousou.jpg
276,lily.jpg
277,botan.jpg
278,impatiens.jpg
279,bougainvillea.jpg
280,hanatoranoo.jpg
281,oshiroibana.jpg
282,saboten.jpg
283,nichinichisou.jpg
284,kikyou.jpg
285,canna.jpg
286,matsubabotan.jpg
287,butterfly-bush.jpg
288,cotton-lavender.jpg
289,tritoma.jpg
290,erica.jpg
291,murasakitsuyukusa.jpg
292,zinnia.jpg
293,bluewings.jpg
294,zakuro.jpg
295,cleome.jpg
296,kyouchikutou.jpg
297,streptocarpus.jpg
298,sanvitalia.jpg
299,kuroyuri.jpg
300,tansy.jpg
301,sagisou.jpg
302,goldenrod.jpg
303,sennichikou.jpg
304,usubeniaoi.jpg
305,winged-everlasting.jpg
306,ominaeshi.jpg
307,datura.jpg
308,coleus.jpg
309,blueberry.jpg
310,curcuma.jpg
311,keitou.jpg
312,waremokou.jpg
313,new-york-aster.jpg
314,housenka.jpg
315,yuugao.jpg
316,hypericum.jpg
317,sarusuberi.jpg
318,clover.jpg
319,shuukaidou.jpg
320,rindou.jpg
321,salvia.jpg
322,spathiphyllum.jpg
323,grape.jpg
324,misohagi.jpg
325,orange.jpg
326,zephyranthes.jpg
327,kiku.jpg
328,shion.jpg
329,hekusokazura.jpg
330,aloe.jpg
331,ai.jpg
332,shuumeigiku.jpg
333,susuki.jpg
334,akane.jpg
335,fuusenkazura.jpg
336,misebaya.jpg
337,higanbana.jpg
338,yaburan.jpg
339,colchicum.jpg
340,sawagikyou.jpg
341,hagi.jpg
342,momijiaoi.jpg
343,cosmos.jpg
344,fujibakama.jpg
345,helenium.jpg
346,monstera.jpg
347,kaede.jpg
348,kinmokusei.jpg
349,hototogisu.jpg
350,bouvardia.jpg
351,nerine.jpg
352,murasakishikibu.jpg
353,begonia.jpg
354,hanakirin.jpg
355,sternbergia.jpg
356,akebi.jpg
357,ichou.jpg
358,lantana.jpg
359,pachira.jpg
360,bolivian-sunset.jpg
361,heliconia.jpg
362,karin.jpg
363,gray-leaved-euryops.jpg
364,saffron.jpg
365,eucalyptus.jpg
366,hiiragi.jpg
367,manettia.jpg
368,fuyou.jpg
369,karasuuri.jpg
370,lemon.jpg
371,kouteidahlia.jpg
372,christmasrose.jpg
373,himejyoon.jpg
374,tsuwabuki.jpg
375,angraecum.jpg
376,strelitzia.jpg
377,firethorn.jpg
378,habotan.jpg
379,dracaena.jpg
380,sazanka.jpg
381,nanten.jpg
382,poinsettia.jpg
383,biwa.jpg
384,shakobasaboten.jpg
385,yatsude.jpg
386,pineapple.jpg
387,platanus.jpg
388,zakuro.jpg
389,odontoglossum.jpg
